{
  "GetBookingIds" : {
    "transaction" : "GetBookingIds",
    "sampleCount" : 3000,
    "errorCount" : 0,
    "errorPct" : 0.0,
    "meanResTime" : 6161.965666666661,
    "medianResTime" : 6499.5,
    "minResTime" : 542.0,
    "maxResTime" : 15274.0,
    "pct1ResTime" : 10530.400000000001,
    "pct2ResTime" : 11206.449999999997,
    "pct3ResTime" : 12249.57999999999,
    "throughput" : 93.45212136315494,
    "receivedKBytesPerSec" : 4157.064481477011,
    "sentKBytesPerSec" : 20.716437059996263
  },
  "auth" : {
    "transaction" : "auth",
    "sampleCount" : 3000,
    "errorCount" : 0,
    "errorPct" : 0.0,
    "meanResTime" : 6620.4710000000005,
    "medianResTime" : 7014.0,
    "minResTime" : 1087.0,
    "maxResTime" : 17705.0,
    "pct1ResTime" : 11104.0,
    "pct2ResTime" : 11618.949999999997,
    "pct3ResTime" : 14145.589999999991,
    "throughput" : 155.4243083618278,
    "receivedKBytesPerSec" : 117.95005051290022,
    "sentKBytesPerSec" : 44.927339135840846
  },
  "PartialUpdateBooking" : {
    "transaction" : "PartialUpdateBooking",
    "sampleCount" : 3000,
    "errorCount" : 0,
    "errorPct" : 0.0,
    "meanResTime" : 8014.329666666677,
    "medianResTime" : 7846.5,
    "minResTime" : 1439.0,
    "maxResTime" : 17244.0,
    "pct1ResTime" : 10313.0,
    "pct2ResTime" : 12557.89999999997,
    "pct3ResTime" : 16037.0,
    "throughput" : 62.27425582264292,
    "receivedKBytesPerSec" : 56.08721120313862,
    "sentKBytesPerSec" : 21.459805860007474
  },
  "Total" : {
    "transaction" : "Total",
    "sampleCount" : 21000,
    "errorCount" : 0,
    "errorPct" : 0.0,
    "meanResTime" : 6462.513000000034,
    "medianResTime" : 6834.0,
    "minResTime" : 273.0,
    "maxResTime" : 17705.0,
    "pct1ResTime" : 10495.0,
    "pct2ResTime" : 12058.750000000004,
    "pct3ResTime" : 16130.980000000003,
    "throughput" : 361.9192058458569,
    "receivedKBytesPerSec" : 2564.6509485837755,
    "sentKBytesPerSec" : 126.65596886633116
  },
  "GetBooking" : {
    "transaction" : "GetBooking",
    "sampleCount" : 3000,
    "errorCount" : 0,
    "errorPct" : 0.0,
    "meanResTime" : 5673.069999999995,
    "medianResTime" : 6179.5,
    "minResTime" : 408.0,
    "maxResTime" : 10725.0,
    "pct1ResTime" : 9487.9,
    "pct2ResTime" : 9818.9,
    "pct3ResTime" : 10107.939999999999,
    "throughput" : 80.22677434882601,
    "receivedKBytesPerSec" : 71.98253312697224,
    "sentKBytesPerSec" : 18.16635021661229
  },
  "UpdateBooking " : {
    "transaction" : "UpdateBooking ",
    "sampleCount" : 3000,
    "errorCount" : 0,
    "errorPct" : 0.0,
    "meanResTime" : 9307.843333333347,
    "medianResTime" : 10201.5,
    "minResTime" : 824.0,
    "maxResTime" : 17038.0,
    "pct1ResTime" : 13946.400000000009,
    "pct2ResTime" : 15974.049999999996,
    "pct3ResTime" : 16380.98,
    "throughput" : 67.67426122264831,
    "receivedKBytesPerSec" : 60.89775899503722,
    "sentKBytesPerSec" : 35.94349199187909
  },
  "DeleteBooking" : {
    "transaction" : "DeleteBooking",
    "sampleCount" : 3000,
    "errorCount" : 0,
    "errorPct" : 0.0,
    "meanResTime" : 6413.283999999997,
    "medianResTime" : 5591.0,
    "minResTime" : 875.0,
    "maxResTime" : 17002.0,
    "pct1ResTime" : 10294.9,
    "pct2ResTime" : 14624.549999999988,
    "pct3ResTime" : 16407.779999999995,
    "throughput" : 62.5,
    "receivedKBytesPerSec" : 46.133626302083336,
    "sentKBytesPerSec" : 19.4013671875
  },
  "CreateBooking" : {
    "transaction" : "CreateBooking",
    "sampleCount" : 3000,
    "errorCount" : 0,
    "errorPct" : 0.0,
    "meanResTime" : 3046.6273333333324,
    "medianResTime" : 3091.5,
    "minResTime" : 273.0,
    "maxResTime" : 9397.0,
    "pct1ResTime" : 5724.400000000001,
    "pct2ResTime" : 6202.199999999997,
    "pct3ResTime" : 7233.98,
    "throughput" : 131.45786775338502,
    "receivedKBytesPerSec" : 121.68086000832565,
    "sentKBytesPerSec" : 69.19510812409622
  }
}